Provicia \ día,03/03,04/03,05/03,06/03,07/03,08/03,09/03,10/03,11/03,12/03,13/03,14/03,15/03,16/03,17/03,18/03,19/03,20/03,21/03,22/03,23/03,24/03,25/03,26/03,27/03,28/03,29/03,30/03,31/03,01/04,02/04,03/04,04/04,05/04,06/04,07/04,08/04,09/04,10/04,11/04,12/04,13/04,14/04,15/04,16/04,17/04,18/04,19/04,20/04,21/04,22/04,23/04,24/04,25/04,26/04,27/04,28/04,29/04,30/04,01/05,02/05,03/05
CABA Casos Confirmados ,1,1,1,5,6,8,9,10,11,14,16,23,29,34,38,48,56,65,94,106,117,147,166,197,227,245,258,292,311,321,345,373,407,439,456,480,498,521,532,578,586,596,618,648,663,677,691,706,728,761,800,837,916,971,1007,1039,1089,1123,1168,1197,1255,1304
CABA Casos Recuperados ,0,0,0,0,0,0,0,0,0,1,3,3,3,11,11,11,11,11,25,25,43,43,43,53,53,53,53,97,97,97,97,97,97,97,188,188,188,188,188,270,270,270,270,270,270,270,270,270,361,361,361,374,385,385,451,454,466,466,466,466,496,496
CABA Casos Muertos ,0,0,0,0,1,1,1,1,1,1,1,1,1,1,1,2,2,2,2,2,2,2,3,4,5,8,8,8,8,9,9,9,9,10,14,16,18,23,24,27,28,29,31,35,38,39,40,40,41,44,46,47,51,55,60,62,64,67,69,73,79,81
CABA Casos Activos,1,1,1,5,5,7,8,9,10,12,12,19,25,22,26,35,43,52,67,79,72,102,120,140,169,184,197,187,206,215,239,267,301,332,254,276,292,310,320,281,288,297,317,343,355,368,381,396,326,356,393,416,480,531,496,523,559,590,633,658,680,727
Bs As Casos Confirmados ,,,1,2,2,3,3,4,5,9,10,11,12,13,15,20,35,44,59,67,72,102,132,158,193,201,217,253,270,280,316,338,364,397,409,443,460,488,507,544,572,601,667,729,759,794,825,873,915,975,1036,1120,1181,1275,1331,1381,1429,1532,1598,1632,1677,1715
Bs As  Casos Recuperados ,,,0,0,0,0,0,0,0,0,0,0,0,0,0,0,0,0,1,1,1,1,1,15,15,15,15,15,15,15,15,15,15,15,15,15,15,15,15,15,15,15,15,15,15,15,15,15,15,15,122,127,127,168,168,168,168,168,168,168,168,168
Bs As  Casos Muertos ,,,0,0,0,0,0,0,0,0,0,0,0,0,0,0,0,0,1,1,1,2,2,4,6,5,6,8,8,10,12,15,16,17,19,23,24,31,32,36,40,41,43,44,49,52,54,55,55,59,64,68,72,74,76,77,83,85,87,90,92,95
Bs As  Casos Activos,,,1,2,2,3,3,4,5,9,10,11,12,13,15,20,35,44,57,65,70,99,129,139,172,181,196,230,247,255,289,308,333,365,375,405,421,442,460,493,517,545,609,670,695,727,756,803,845,901,850,925,982,1033,1087,1136,1178,1279,1343,1374,1417,1452
Córdoba Casos Confirmados ,,,,1,1,1,1,1,1,2,2,3,3,3,5,6,9,14,18,26,28,35,50,53,54,55,73,81,95,101,117,131,134,139,146,150,151,156,169,201,206,210,222,228,241,247,249,260,260,260,264,266,269,270,273,273,275,276,278,291,303,304
Córdoba Casos Recuperados ,,,,0,0,0,0,0,0,0,0,0,0,0,0,0,0,0,0,0,0,0,0,1,1,1,1,1,1,1,1,1,1,2,2,13,14,31,33,37,37,37,38,38,38,38,43,45,45,58,70,75,75,80,87,96,96,100,109,110,110,110
Córdoba Casos Muertos ,,,,0,0,0,0,0,0,0,0,0,0,0,0,0,0,0,0,0,0,0,0,0,0,0,0,0,1,1,1,1,1,2,2,2,2,2,2,2,3,4,5,6,6,6,6,7,9,9,10,10,11,12,12,13,14,14,14,14,15,17
Córdoba Casos Activos,,,,1,1,1,1,1,1,2,2,3,3,3,5,6,9,14,18,26,28,35,50,52,53,54,72,80,93,99,115,129,132,135,142,135,135,123,134,162,166,169,179,184,197,203,200,208,206,193,184,181,183,178,174,164,165,162,155,167,178,177
San Luis Casos Confirmados ,,,,,,,1,1,1,1,1,1,1,1,1,1,1,1,1,1,1,1,5,6,7,6,6,6,6,7,9,10,10,10,11,11,11,11,11,11,11,11,11,11,11,11,11,11,11,11,11,11,11,11,11,11,11,11,11,11,11,11
San Luis Casos Recuperados ,,,,,,,0,0,0,0,0,0,0,0,0,0,0,0,0,0,0,0,0,0,0,0,0,0,0,0,0,0,0,0,0,0,0,0,0,0,0,0,0,0,0,0,0,0,0,0,6,6,6,6,6,6,6,6,6,6,6,6
San Luis Casos Muertos ,,,,,,,0,0,0,0,0,0,0,0,0,0,0,0,0,0,0,0,0,0,0,0,0,0,0,0,0,0,0,0,0,0,0,0,0,0,0,0,0,0,0,0,0,0,0,0,0,0,0,0,0,0,0,0,0,0,0,0
San Luis Casos Activos,,,,,,,1,1,1,1,1,1,1,1,1,1,1,1,1,1,1,1,5,6,7,6,6,6,6,7,9,10,10,10,11,11,11,11,11,11,11,11,11,11,11,11,11,11,11,11,5,5,5,5,5,5,5,5,5,5,5,5
Chaco Casos Confirmados ,,,,,,,2,2,2,4,4,5,7,10,11,12,14,15,20,27,31,40,52,55,60,65,69,81,84,96,99,107,115,115,119,123,138,144,149,149,150,153,184,191,202,224,248,253,258,263,270,280,287,294,297,307,307,311,314,326,337,342
Chaco Casos Recuperados ,,,,,,,0,0,0,0,0,0,0,0,0,0,0,0,0,0,0,0,0,0,4,4,4,4,4,4,4,4,4,4,4,4,4,4,4,4,4,4,4,4,4,4,4,4,4,4,56,60,60,60,60,60,60,60,60,60,60,60
Chaco Casos Muertos ,,,,,,,0,0,0,0,1,1,1,1,1,1,1,1,1,1,1,2,3,4,4,4,4,4,5,5,6,7,7,7,7,7,7,8,8,8,8,8,9,9,10,10,10,10,11,11,11,11,12,12,12,13,13,14,14,14,17,18
Chaco Casos Activos,,,,,,,2,2,2,4,3,4,6,9,10,11,13,14,19,26,30,38,49,51,52,57,61,73,75,87,89,96,104,104,108,112,127,132,137,137,138,141,171,178,188,210,234,239,243,248,203,209,215,222,225,234,234,237,240,252,260,264
Río Negro Casos Confirmados ,,,,,,,1,1,1,1,1,1,1,1,2,2,3,3,4,4,4,4,4,4,8,8,8,8,9,9,9,10,15,17,19,21,22,35,42,65,78,81,94,106,115,116,119,127,137,148,165,169,180,184,185,193,206,214,228,236,242,248
Río Negro Casos Recuperados ,,,,,,,0,0,0,0,0,0,0,0,0,0,0,0,1,1,1,1,1,1,1,1,1,1,1,1,1,1,1,1,1,1,1,1,1,1,1,1,1,1,1,1,1,1,1,1,11,25,25,25,25,25,25,25,25,25,91,91
Río Negro Casos Muertos ,,,,,,,0,0,0,0,0,0,0,0,0,0,0,0,0,0,0,0,0,0,1,1,1,1,1,1,1,1,1,1,1,1,1,1,2,2,2,2,3,3,3,3,3,3,6,6,6,6,6,7,7,7,7,8,8,8,8,9
Río Negro Casos Activos,,,,,,,1,1,1,1,1,1,1,1,2,2,3,3,3,3,3,3,3,3,6,6,6,6,7,7,7,8,13,15,17,19,20,33,39,62,75,78,90,102,111,112,115,123,130,141,148,138,149,152,153,161,174,181,195,203,143,148
Santa Fe Casos Confirmados ,,,,,,,,,,,,1,1,1,1,1,2,2,4,4,17,20,42,54,64,77,90,111,133,144,152,160,165,176,184,187,189,196,197,200,203,205,207,209,212,218,221,222,224,225,230,236,239,242,242,242,243,243,243,243,243,243
Santa Fe  Casos Recuperados ,,,,,,,,,,,,0,0,0,0,0,0,0,0,0,0,0,0,0,0,0,0,0,0,0,0,0,0,9,12,13,16,22,22,24,24,25,26,27,31,38,39,89,91,103,111,117,134,136,136,136,136,141,154,170,177,177
Santa Fe  Casos Muertos ,,,,,,,,,,,,0,0,0,0,0,0,0,0,0,0,0,0,0,0,0,0,0,0,1,1,1,1,1,1,1,1,2,2,2,2,2,2,2,2,2,2,2,2,2,2,2,2,2,2,2,2,2,2,2,2,2
Santa Fe Casos Activos,,,,,,,,,,,,1,1,1,1,1,2,2,4,4,17,20,42,54,64,77,90,111,133,143,151,159,164,166,171,173,172,172,173,174,177,178,179,180,179,178,180,131,131,120,117,117,103,104,104,104,105,100,87,71,64,64
Tierra del F Casos Confirmados ,,,,,,,,,,,,,2,2,2,2,2,3,6,6,6,10,11,14,13,17,21,32,39,39,63,64,72,75,77,79,81,81,83,91,95,99,107,110,117,119,119,122,122,124,124,125,126,130,130,131,137,137,139,140,143,145
Tierra del F Casos Recuperados ,,,,,,,,,,,,,0,0,0,0,0,0,0,0,0,0,0,0,0,0,0,0,0,0,0,0,10,11,12,21,25,27,32,34,34,34,36,36,40,42,43,43,49,49,53,53,70,77,77,77,77,77,83,86,88,89
Tierra del F Casos Muertos ,,,,,,,,,,,,,0,0,0,0,0,0,0,0,0,0,0,0,0,0,0,0,0,0,0,0,0,0,0,0,0,0,0,0,0,0,0,0,0,0,0,0,0,0,0,0,0,0,0,0,0,0,0,0,0,0
Tierra del F Casos Activos,,,,,,,,,,,,,2,2,2,2,2,3,6,6,6,10,11,14,13,17,21,32,39,39,63,64,62,64,65,58,56,54,51,57,61,65,71,74,77,77,76,79,73,75,71,72,56,53,53,54,60,60,56,54,55,56
Jujuy Casos Confirmados ,,,,,,,,,,,,,,,1,1,1,1,1,1,1,1,1,3,3,3,3,3,3,3,5,5,5,5,5,5,5,5,5,5,5,5,5,5,5,5,5,5,5,5,5,5,5,5,5,5,5,5,5,5,5,5
Jujuy Casos Recuperados ,,,,,,,,,,,,,,,0,0,0,0,0,0,0,0,0,0,0,0,0,0,0,0,0,0,0,0,0,0,0,0,0,0,0,0,0,0,0,0,0,0,0,0,3,3,4,4,4,4,4,4,4,4,4,4
Jujuy Casos Muertos ,,,,,,,,,,,,,,,0,0,0,0,0,0,0,0,0,0,0,0,0,0,0,0,0,0,0,0,0,0,0,0,0,0,0,0,0,0,0,0,0,0,0,0,0,0,0,0,0,0,0,0,0,0,0,0
Jujuy Casos Activos,,,,,,,,,,,,,,,1,1,1,1,1,1,1,1,1,3,3,3,3,3,3,3,5,5,5,5,5,5,5,5,5,5,5,5,5,5,5,5,5,5,5,5,2,2,1,1,1,1,1,1,1,1,1,1
Salta Casos Confirmados ,,,,,,,,,,,,,,,1,1,1,1,1,1,1,1,1,1,1,1,1,1,1,3,3,3,3,3,3,3,3,3,3,3,3,3,3,4,3,3,3,3,3,3,3,3,3,3,4,4,4,4,4,4,4,4
Salta Casos Recuperados ,,,,,,,,,,,,,,,0,0,0,0,0,0,0,0,0,0,0,0,0,0,0,0,0,0,0,0,0,0,0,0,0,0,0,0,0,0,0,0,0,0,0,0,0,0,0,0,0,0,0,0,0,0,0,0
Salta Casos Muertos ,,,,,,,,,,,,,,,0,0,0,0,0,0,0,0,0,0,0,0,0,0,0,0,0,0,0,0,0,0,0,0,0,0,0,0,0,0,0,0,0,0,0,0,0,0,0,0,0,0,0,0,0,0,0,0
Salta Casos Activos,,,,,,,,,,,,,,,1,1,1,1,1,1,1,1,1,1,1,1,1,1,1,3,3,3,3,3,3,3,3,3,3,3,3,3,3,4,3,3,3,3,3,3,3,3,3,3,4,4,4,4,4,4,4,4
Entre Ríos Casos Confirmados ,,,,,,,,,,,,,,,1,2,2,3,3,3,3,3,6,6,10,10,10,13,13,14,16,18,18,19,19,20,20,22,22,22,21,21,21,21,22,22,22,22,22,22,22,22,22,22,23,23,23,23,23,25,25,27
Entre Ríos Casos Recuperados ,,,,,,,,,,,,,,,0,0,0,0,0,0,0,0,0,0,0,0,0,0,0,0,0,0,0,0,0,0,0,0,0,0,0,0,0,0,0,0,0,0,0,0,10,10,10,10,10,10,10,10,10,10,10,10
Entre Ríos Casos Muertos ,,,,,,,,,,,,,,,0,0,0,0,0,0,0,0,0,0,0,0,0,0,0,0,0,0,0,0,0,0,0,0,0,0,0,0,0,0,0,0,0,0,0,0,0,0,0,0,0,0,0,0,0,0,0,0
Entre Ríos Casos Activos,,,,,,,,,,,,,,,1,2,2,3,3,3,3,3,6,6,10,10,10,13,13,14,16,18,18,19,19,20,20,22,22,22,21,21,21,21,22,22,22,22,22,22,12,12,12,12,13,13,13,13,13,15,15,17
Corrientes Casos Confirmados ,,,,,,,,,,,,,,,,,,1,3,3,3,3,3,3,4,8,9,19,20,21,22,22,22,22,24,24,24,24,24,24,24,31,32,31,31,31,31,31,34,34,34,35,39,40,46,46,47,47,48,49,49,49
Corrientes Casos Recuperados ,,,,,,,,,,,,,,,,,,0,0,0,0,0,0,0,0,0,0,0,0,0,0,0,0,0,0,0,0,0,0,0,0,0,0,0,0,0,0,0,0,0,5,5,5,5,5,5,5,5,5,5,5,5
Corrientes Casos Muertos ,,,,,,,,,,,,,,,,,,0,0,0,0,0,0,0,0,0,0,0,0,0,0,0,0,0,0,0,0,0,0,0,0,0,0,0,0,0,0,0,0,0,0,0,0,0,0,0,0,0,0,0,0,0
Corrientes Casos Activos,,,,,,,,,,,,,,,,,,1,3,3,3,3,3,3,4,8,9,19,20,21,22,22,22,22,24,24,24,24,24,24,24,31,32,31,31,31,31,31,34,34,29,30,34,35,41,41,42,42,43,44,44,44
Santiago Est Casos Confirmados ,,,,,,,,,,,,,,,,,,1,1,1,1,1,1,1,2,2,2,2,2,2,3,3,4,4,10,9,9,9,9,12,12,12,12,12,12,12,12,12,12,12,12,12,12,13,15,15,15,15,15,15,15,15
Santiago Est Casos Recuperados ,,,,,,,,,,,,,,,,,,0,0,0,0,0,0,0,0,0,0,0,0,0,0,0,0,0,0,0,0,0,0,0,0,0,0,0,0,0,0,0,0,0,3,3,3,3,3,3,3,3,3,3,3,3
Santiago Est Casos Muertos ,,,,,,,,,,,,,,,,,,0,0,0,0,0,0,0,0,0,0,0,0,0,0,0,0,0,0,0,0,0,0,0,0,0,0,0,0,0,0,0,0,0,0,0,0,0,0,0,0,0,0,0,0,0
Santiago Est Casos Activos,,,,,,,,,,,,,,,,,,1,1,1,1,1,1,1,2,2,2,2,2,2,3,3,4,4,10,9,9,9,9,12,12,12,12,12,12,12,12,12,12,12,9,9,9,10,12,12,12,12,12,12,12,12
Neuquen Casos Confirmados ,,,,,,,,,,,,,,,,,,2,2,2,2,3,4,7,10,12,12,20,20,24,28,29,33,44,50,53,70,77,84,85,86,88,90,91,92,93,96,99,102,102,103,104,104,104,105,108,108,109,111,110,110,110
Neuquen Casos Recuperados ,,,,,,,,,,,,,,,,,,0,0,0,0,0,0,0,0,1,1,1,1,1,1,1,1,1,1,1,1,1,1,1,1,1,1,1,1,1,1,1,1,1,15,15,15,15,15,15,15,15,15,15,15,15
Neuquen Casos Muertos ,,,,,,,,,,,,,,,,,,0,0,0,0,0,0,0,0,0,0,1,1,1,1,1,1,1,2,2,3,3,3,3,3,3,3,3,3,3,3,3,3,3,3,3,3,3,3,3,4,4,4,4,4,4
Neuquen Casos Activos,,,,,,,,,,,,,,,,,,2,2,2,2,3,4,7,10,11,11,18,18,22,26,27,31,42,47,50,66,73,80,81,82,84,86,87,88,89,92,95,98,98,85,86,86,86,87,90,89,90,92,91,91,91
Mendoza Casos Confirmados ,,,,,,,,,,,,,,,,,,,5,5,5,5,6,7,8,9,10,13,15,25,25,27,27,29,30,32,38,40,49,54,57,59,62,63,68,69,69,72,73,73,74,75,75,75,75,75,76,78,83,84,85,84
Mendoza Casos Recuperados ,,,,,,,,,,,,,,,,,,,0,0,0,0,0,0,0,0,0,0,0,0,1,1,1,2,3,3,3,3,3,5,5,5,8,8,10,10,10,10,17,17,17,17,27,27,27,28,28,30,30,30,30,30
Mendoza Casos Muertos ,,,,,,,,,,,,,,,,,,,0,0,0,0,0,0,1,1,1,1,1,1,3,4,4,4,4,5,5,5,5,5,5,5,5,5,6,8,8,8,9,9,9,10,10,10,10,10,10,10,10,10,10,10
Mendoza Casos Activos,,,,,,,,,,,,,,,,,,,5,5,5,5,6,7,7,8,9,12,14,24,21,22,22,23,23,24,30,32,41,44,47,49,49,50,52,51,51,54,47,47,48,48,38,38,38,37,38,38,43,44,45,44
Tucumán Casos Confirmados ,,,,,,,,,,,,,,,,,1,1,2,7,7,7,9,9,15,15,15,15,16,17,21,21,22,22,27,28,28,29,29,30,30,30,30,30,30,30,30,30,31,31,35,35,34,34,35,35,36,36,38,38,38,38
Tucumán Casos Recuperados ,,,,,,,,,,,,,,,,,0,0,0,0,0,0,0,0,0,0,0,0,0,0,0,0,0,0,0,0,0,0,0,0,0,0,0,0,0,0,0,0,8,8,8,8,8,8,8,8,8,8,8,8,8,8
Tucumán Casos Muertos ,,,,,,,,,,,,,,,,,0,0,0,0,0,0,0,0,0,0,0,1,1,1,1,2,2,2,2,2,3,3,3,3,3,3,3,3,3,3,3,3,3,3,3,3,3,3,3,3,3,3,3,3,3,3
Tucumán Casos Activos,,,,,,,,,,,,,,,,,1,1,2,7,7,7,9,9,15,15,15,14,15,16,20,19,20,20,25,26,25,26,26,27,27,27,27,27,27,27,27,27,20,20,24,24,23,23,24,24,25,25,27,27,27,27
Santa Cruz Casos Confirmados ,,,,,,,,,,,,,,,1,1,1,1,1,1,1,2,7,9,9,9,9,9,9,19,21,21,22,23,23,31,31,31,37,40,40,40,40,40,40,40,40,40,41,41,41,41,42,42,43,48,48,48,49,49,49,49
Santa Cruz Casos Recuperados ,,,,,,,,,,,,,,,0,0,0,0,0,0,0,0,0,0,0,0,0,0,0,0,0,0,0,0,0,0,0,0,0,0,0,0,0,0,0,0,0,0,0,0,17,17,17,17,17,17,17,17,17,17,17,17
Santa Cruz Casos Muertos ,,,,,,,,,,,,,,,0,0,0,0,0,0,0,0,0,0,0,0,0,0,0,0,0,0,0,0,0,0,0,0,0,0,0,0,0,0,0,0,0,0,0,0,0,0,0,0,0,0,0,0,0,0,0,0
Santa Cruz Casos Activos,,,,,,,,,,,,,,,1,1,1,1,1,1,1,2,7,9,9,9,9,9,9,19,21,21,22,23,23,31,31,31,37,40,40,40,40,40,40,40,40,40,41,41,24,24,25,25,26,31,31,31,32,32,32,32
Chubut Casos Confirmados ,,,,,,,,,,,,,,,,,,,,,,,,,,,,,,,,,,,,,,,,,,,,1,2,1,1,2,2,2,2,2,2,2,2,2,2,2,2,3,4,4
Chubut Casos Recuperados ,,,,,,,,,,,,,,,,,,,,,,,,,,,,,,,,,,,,,,,,,,,,0,0,0,0,0,0,0,0,0,0,0,0,0,0,0,0,0,0,0
Chubut Casos Muertos ,,,,,,,,,,,,,,,,,,,,,,,,,,,,,,,,,,,,,,,,,,,,0,0,0,0,0,0,0,0,0,0,0,0,0,0,0,0,0,0,0
Chubut Casos Activos,,,,,,,,,,,,,,,,,,,,,,,,,,,,,,,,,,,,,,,,,,,,1,2,1,1,2,2,2,2,2,2,2,2,2,2,2,2,3,4,4
Misiones Casos Confirmados ,,,,,,,,,,,,,,,,,,,,1,1,1,1,1,1,1,2,2,3,3,3,3,3,3,3,3,3,3,3,3,3,3,3,3,3,4,5,5,5,5,5,5,6,6,6,8,8,12,12,12,24,24
Misiones Casos Recuperados ,,,,,,,,,,,,,,,,,,,,0,0,0,0,0,0,0,0,0,0,0,0,0,0,0,0,0,0,0,0,0,0,0,0,0,0,0,0,0,0,0,0,0,0,0,0,0,0,0,0,0,0,0
Misiones Casos Muertos ,,,,,,,,,,,,,,,,,,,,0,0,0,0,0,0,0,0,0,0,0,0,0,0,0,0,0,0,0,0,0,0,0,0,0,0,0,0,0,0,0,0,0,1,1,1,1,1,1,1,1,1,1
Misiones Casos Activos,,,,,,,,,,,,,,,,,,,,1,1,1,1,1,1,1,2,2,3,3,3,3,3,3,3,3,3,3,3,3,3,3,3,3,3,4,5,5,5,5,5,5,5,5,5,7,7,11,11,11,23,23
Formosa Casos Confirmados ,,,,,,,,,,,,,,,,,,,,,,,,,,,,,,,,,,,,,,,,,,,,,,,,,,,,,,,,,,,,,,
Formosa Casos Recuperados ,,,,,,,,,,,,,,,,,,,,,,,,,,,,,,,,,,,,,,,,,,,,,,,,,,,,,,,,,,,,,,
Formosa Casos Muertos ,,,,,,,,,,,,,,,,,,,,,,,,,,,,,,,,,,,,,,,,,,,,,,,,,,,,,,,,,,,,,,
Formosa Casos Activos,,,,,,,,,,,,,,,,,,,,,,,,,,,,,,,,,,,,,,,,,,,,,,,,,,,,,,,,,,,,,,
Catamarca Casos Confirmados ,,,,,,,,,,,,,,,,,,,,,,,,,,,,,,,,,,,,,,,,,,,,,,,,,,,,,,,,,,,,,,
Catamarca Casos Recuperados ,,,,,,,,,,,,,,,,,,,,,,,,,,,,,,,,,,,,,,,,,,,,,,,,,,,,,,,,,,,,,,
Catamarca Casos Muertos ,,,,,,,,,,,,,,,,,,,,,,,,,,,,,,,,,,,,,,,,,,,,,,,,,,,,,,,,,,,,,,
Catamarca Casos Activos,,,,,,,,,,,,,,,,,,,,,,,,,,,,,,,,,,,,,,,,,,,,,,,,,,,,,,,,,,,,,,
La Rioja Casos Confirmados ,,,,,,,,,,,,,,,,,,,,,,,,,,,1,1,1,1,4,4,6,8,9,9,9,14,14,18,19,22,28,31,34,35,35,39,39,40,45,45,47,50,50,50,51,52,52,55,55,55
La Rioja Casos Recuperados ,,,,,,,,,,,,,,,,,,,,,,,,,,,0,0,0,0,0,0,0,0,0,0,0,0,0,0,0,0,0,0,0,0,0,0,0,0,2,2,2,2,2,2,2,2,2,2,2,2
La Rioja Casos Muertos ,,,,,,,,,,,,,,,,,,,,,,,,,,,0,0,1,1,1,1,1,1,1,1,1,1,1,1,1,1,1,2,2,3,3,3,3,5,5,5,5,6,6,6,6,6,6,6,6,6
La Rioja Casos Activos,,,,,,,,,,,,,,,,,,,,,,,,,,,1,1,0,0,3,3,5,7,8,8,8,13,13,17,18,21,27,29,32,32,32,36,36,35,38,38,40,42,42,42,43,44,44,47,47,47
San Juan Casos Confirmados ,,,,,,,,,,,,,,,,,,,,,,,,,,,1,1,1,1,1,1,1,1,1,1,1,1,1,2,2,2,2,2,2,2,2,2,2,2,2,2,2,2,2,2,2,2,2,2,2,2
San Juan Casos Recuperados ,,,,,,,,,,,,,,,,,,,,,,,,,,,0,0,0,0,0,0,0,0,0,0,0,0,0,0,0,0,0,0,0,0,0,0,0,0,2,2,2,2,2,2,2,2,2,2,2,2
San Juan Casos Muertos ,,,,,,,,,,,,,,,,,,,,,,,,,,,0,0,0,0,0,0,0,0,0,0,0,0,0,0,0,0,0,0,0,0,0,0,0,0,0,0,0,0,0,0,0,0,0,0,0,0
San Juan Casos Activos,,,,,,,,,,,,,,,,,,,,,,,,,,,1,1,1,1,1,1,1,1,1,1,1,1,1,2,2,2,2,2,2,2,2,2,2,2,0,0,0,0,0,0,0,0,0,0,0,0
La Pampa Casos Confirmados ,,,,,,,,,,,,,,,,,,,,,,1,1,1,1,1,3,3,3,3,3,3,3,3,3,3,4,4,5,5,5,5,5,5,5,5,5,5,5,5,5,5,5,5,5,5,5,5,5,5,5,5
La Pampa Casos Recuperados ,,,,,,,,,,,,,,,,,,,,,,0,0,0,0,0,0,0,0,0,0,0,0,0,0,0,0,0,0,0,0,0,0,0,0,0,0,0,0,0,0,0,0,0,0,0,0,0,0,0,0,0
La Pampa Casos Muertos ,,,,,,,,,,,,,,,,,,,,,,0,0,0,0,0,0,0,0,0,0,0,0,0,0,0,0,0,0,0,0,0,0,0,0,0,0,0,0,0,0,0,0,0,0,0,0,0,0,0,0,0
La Pampa Casos Activos,,,,,,,,,,,,,,,,,,,,,,1,1,1,1,1,3,3,3,3,3,3,3,3,3,3,4,4,5,5,5,5,5,5,5,5,5,5,5,5,5,5,5,5,5,5,5,5,5,5,5,5
Total de Casos Confirmados ,1,1,2,8,9,12,17,19,21,31,34,45,56,65,79,97,128,158,225,266,301,387,502,589,690,745,820,966,1054,1133,1265,1353,1451,1554,1628,1715,1795,1894,1975,2142,2208,2277,2443,2571,2669,2758,2839,2941,3031,3144,3288,3435,3607,3780,3892,4003,4127,4285,4428,4532,4681,4783
Total de casos ,1,1,2,8,9,12,17,19,21,31,34,45,56,65,79,97,128,158,225,266,301,387,502,589,690,745,820,966,1054,1133,1265,1353,1451,1554,1628,1715,1795,1894,1975,2142,2208,2277,2443,2571,2669,2758,2839,2941,3031,3144,3288,3435,3607,3780,3892,4003,4127,4285,4428,4532,4681,4783
tasa de crecimiento,,0,1,3,"0,125","0,3333333333","0,4166666667","0,1176470588","0,1052631579","0,4761904762","0,09677419355","0,3235294118","0,2444444444","0,1607142857","0,2153846154","0,2278481013","0,3195876289","0,234375","0,4240506329","0,1822222222","0,1315789474","0,2857142857","0,2971576227","0,1733067729","0,1714770798","0,07971014493","0,1006711409","0,1780487805","0,09109730849","0,07495256167","0,1165048544","0,06956521739","0,07243163341","0,07098552722","0,04761904762","0,05343980344","0,04664723032","0,05515320334","0,04276663147","0,08455696203","0,03081232493","0,03125","0,07290294247","0,05239459681","0,03811746402","0,03334582241","0,02936910805","0,03592814371","0,03060183611","0,03728142527","0,04580152672","0,0447080292","0,0500727802","0,04796229554","0,02962962963","0,02852004111","0,03097676742","0,03828446814","0,0333722287","0,02348690154","0,03287731686","0,02179021577"
Medidas de mitigación ,,,,Licencia para viajeros zona de riesgo+just inasist Ministerio Educa,,,,,Protocolo vuellos de arribo nuevo,Cierre espectaculos masivos y museos,Licencias Sector Pub. Crisis transporte. Aumento licencias trabajadores.,Readecuación calendario educativo y clases virtuales universi,medidas preventivas sector hotelero+ cierre parques nacionales. Clases virtuales en escuelas,trabajo remoto y cierre de fronteras,Adecuación transporte y suspensión partidos +134 linea de aviso incumpim cuarentena,Construccción hospitales emergencia ,,cuarentena total entra en vigencia desde 00:00hs,,,,,,extensión de la cuarentena total ,,,,,,,, Aglomeraciones por bono de 10.000 y jubilaciones,"segundo dia de cobro de jubilados, se organiza por dni",,,,,,,,,,,,,,,Algunas actvidades se exzceptuan de la cuarentena,,,,,,,,,,,,,,
Detalle de medidas gubernamentales ,,https://www.argentina.gob.ar/coronavirus/medidas-gobierno,,,,,,,,,,,,,,,,,,,,,,,,,,,,,,,,,,,,,,,,,,,,,,,,,,,,,,,,,,,,
,,,,,,,,,,,,,,,,,,,,,,,,,,,,,,,,,,,,,,,,,,,,,,,,,,,,,,,,,,,,,,
Total recuperado pais ,,,,,,,,,,1,4,5,5,12,12,16,22,27,27,38,51,52,63,72,76,80,91,228,240,248,256,266,279,280,325,338,358,365,375,440,468,515,559,596,631,666,685,709,737,840,872,919,976,1030,1107,1140,1162,1192,1256,1292,1320,1354
Faltan conciliar,,,,,,,,,,0,1,2,2,1,1,5,11,16,0,11,6,7,18,2,2,5,16,109,121,129,136,146,149,138,87,79,91,73,76,49,77,123,160,196,221,247,259,231,145,223,0,0,1,0,4,24,34,53,89,105,28,61
https://www.argentina.gob.ar/coronavirus/informe-diario,Fuente oficial ,,,,,,,,,,,,,,,,,,,,,,,,,,,,,,,,,,,,,,,,,,,,,,,,,,,,,,,,,,,,,
tasa para el periodo ,265,para 20 días,,,,,,,,,,,,,,,,,,,,,,,,,,,,,,,,,,,,,,,,,,,,,,,,,,,,,,,,,,,,
tasa para el periodo ,"0,322",tasa de crecim por día,,,,,,,,,,,,,,,,,,,,,,,,,,,,,,,,,,,,,,,,,,,,,,,,,,,,,,,,,,,,
Fuente: Informe oficial,,,,,,,,,,,,,,,,,,,,,,,,,,,,,,,,,,,,,,,,,,,,,,,,,,,,,,,,,,,,,,
https://www.argentina.gob.ar/coronavirus/informe-diario,,,,,,,,,,,,,,,,,,,,,,,,,,,,,,,,,,,,,,,,,,,,,,,,,,,,,,,,,,,,,,
,,,,,,,,,,,,,,,,,,,,,,,,,,,,,,,,,,,,,,,,,,,,,,,,,,,,,,,,,,,,,,
Las fuentes dicen que la incubación esta entre 4 y 8 días,,,,,https://gabgoh.github.io/COVID/index.html,,,,,,,,,,,,,,,,,,,,,,,,,,,,,,,,,,,,,,,,,,,,,,,,,,,,,,,,,
,,,,,,,,,,,,,,,,,,,,,,,,,,,,,,,,,,,,,,,,,,,,,,,,,,,,,,,,,,,,,,
,,,,,,,,,,,,,,,,,,,,,,,,,,,,,,,,,,,,,,,,,,,,,,,,,,,,,,,,,,,,,,
,,,,,,,,,,,,,,,,,,,,,,,,,,,,,,,,,,,,,,,,,,,,,,,,,,,,,,,,,,,,,,
,,,,,,,,,,,,,,,,,,,,,,,,,,,,,,,,,,,,,,,,,,,,,,,,,,,,,,,,,,,,,,
,,,,,,,,,,,,,,,,,,,,,,,,,,,,,,,,,,,,,,,,,,,,,,,,,,,,,,,,,,,,,,
,,,,,,,,,,,,,,,,,,,,,,,,,,,,,,,,,,,,,,,,,,,,,,,,,,,,,,,,,,,,,,
,,,,,,,,,,,,,,,,,,,,,,,,,,,,,,,,,,,,,,,,,,,,,,,,,,,,,,,,,,,,,,
,,,,,,,,,,,,,,,,,,,,,,,,,,,,,,,,,,,,,,,,,,,,,,,,,,,,,,,,,,,,,,
,,,,,,,,,,,,,,,,,,,,,,,,,,,,,,,,,,,,,,,,,,,,,,,,,,,,,,,,,,,,,,
,,,,,,,,,,,,,,,,,,,,,,,,,,,,,,,,,,,,,,,,,,,,,,,,,,,,,,,,,,,,,,
,,,,,,,,,,,,,,,,,,,,,,,,,,,,,,,,,,,,,,,,,,,,,,,,,,,,,,,,,,,,,,
,,,,,,,,,,,,,,,,,,,,,,,,,,,,,,,,,,,,,,,,,,,,,,,,,,,,,,,,,,,,,,
,,,,,,,,,,,,,,,,,,,,,,,,,,,,,,,,,,,,,,,,,,,,,,,,,,,,,,,,,,,,,,
,,,,,,,,,,,,,,,,,,,,,,,,,,,,,,,,,,,,,,,,,,,,,,,,,,,,,,,,,,,,,,
,,,,,,,,,,,,,,,,,,,,,,,,,,,,,,,,,,,,,,,,,,,,,,,,,,,,,,,,,,,,,,
,,,,,,,,,,,,,,,,,,,,,,,,,,,,,,,,,,,,,,,,,,,,,,,,,,,,,,,,,,,,,,
https://www.lanacion.com.ar/sociedad/provincia-provincia-mapa-del-coronavirus-argentina-nid2344407,,,,,,,,,,,,,,,,,,,,,,,,,,,,,,,,,,,,,,,,,,,,,,,,,,,,,,,,,,,,,,
https://www.losandes.com.ar/article/view?slug=infodatos-segui-la-evolucion-del-coronavirus-en-el-pais-y-en-las-provincias,,,,,,,,,,,,,,,,,,,,,,,,,,,,,,,,,,,,,,,,,,,,,,,,,,,,,,,,,,,,,,
https://www.buenosaires.gob.ar/salud/noticias/actualizacion-de-los-casos-de-coronavirus-en-la-ciudad-buenos-aires,,,,,,,,,,,,,,,,,,,,,,,,,,,,,,,,,,,,,,,,,,,,,,,,,,,,,,,,,,,,,,
https://www.todojujuy.com/jujuy/jujuy-confirman-tres-semanas-casos-coronavirus-n133692,,,,,,,,,,,,,,,,,,,,,,,,,,,,,,,,,,,,,,,,,,,,,,,,,,,,,,,,,,,,,,
https://salud.rionegro.gov.ar/mapa/#7/-39.823/-67.349,,,,,,,,,,,,,,,,,,,,,,,,,,,,,,,,,,,,,,,,,,,,,,,,,,,,,,,,,,,,,,
http://www.salta.gov.ar/prensa/noticias/salta-se-mantiene-sin-nuevos-casos-positivos-de-coronavirus/69442,,,,,,,,,,,,,,,,,,,,,,,,,,,,,,,,,,,,,,,,,,,,,,,,,,,,,,,,,,,,,,
https://www.santafe.gob.ar/ms/covid19/tablero/,,,,,,,,,,,,,,,,,,,,,,,,,,,,,,,,,,,,,,,,,,,,,,,,,,,,,,,,,,,,,,
https://www.lavoz.com.ar/interactivo/coronavirus-mapa-interactivo-y-evolucion-de-casos-en-argentina-y-cordoba,,,,,,,,,,,,,,,,,,,,,,,,,,,,,,,,,,,,,,,,,,,,,,,,,,,,,,,,,,,,,,
https://www.cba.gov.ar/informe-diario-de-casos-y-medidas/,,,,,,,,,,,,,,,,,,,,,,,,,,,,,,,,,,,,,,,,,,,,,,,,,,,,,,,,,,,,,,
https://viapais.com.ar/ushuaia/1720622-coronavirus-en-tierra-del-fuego-ya-son-125-los-casos-confirmados-y-59-los-recuperados/,,,,,,,,,,,,,,,,,,,,,,,,,,,,,,,,,,,,,,,,,,,,,,,,,,,,,,,,,,,,,,
https://criticasur.com.ar/nota/24983/coronavirus_ya_son_mas_los_recuperados_que_los_infectados_en_tierra_del_fuego/,,,,,,,,,,,,,,,,,,,,,,,,,,,,,,,,,,,,,,,,,,,,,,,,,,,,,,,,,,,,,,
https://www.tierradelfuego.gob.ar/parte-diario-epidemiologico-covid-19-al-19-de-abril-de-2020/,,,,,,,,,,,,,,,,,,,,,,,,,,,,,,,,,,,,,,,,,,,,,,,,,,,,,,,,,,,,,,
https://www.tierradelfuego.gob.ar/parte-diario-epidemiologico-covid-19-al-20-de-abril-de-2020/,,,,,,,,,,,,,,,,,,,,,,,,,,,,,,,,,,,,,,,,,,,,,,,,,,,,,,,,,,,,,,
https://www.tierradelfuego.gob.ar/parte-diario-epidemiologico-covid-19-al-18-de-abril-de-2020/,,,,,,,,,,,,,,,,,,,,,,,,,,,,,,,,,,,,,,,,,,,,,,,,,,,,,,,,,,,,,,
https://www.tierradelfuego.gob.ar/parte-diario-epidemiologico-covid-19-al-17-de-abril-de-2020/,,,,,,,,,,,,,,,,,,,,,,,,,,,,,,,,,,,,,,,,,,,,,,,,,,,,,,,,,,,,,,
https://www.tierradelfuego.gob.ar/parte-diario-epidemiologico-covid-19-al-16-de-abril-de-2020/,,,,,,,,,,,,,,,,,,,,,,,,,,,,,,,,,,,,,,,,,,,,,,,,,,,,,,,,,,,,,,
https://www.tierradelfuego.gob.ar/parte-diario-epidemiologico-covid-19-al-16-de-abril-de-2020/,,,,,,,,,,,,,,,,,,,,,,,,,,,,,,,,,,,,,,,,,,,,,,,,,,,,,,,,,,,,,,
https://www.tierradelfuego.gob.ar/parte-diario-epidemiologico-covid-19-al-15-de-abril-de-2020/,,,,,,,,,,,,,,,,,,,,,,,,,,,,,,,,,,,,,,,,,,,,,,,,,,,,,,,,,,,,,,
https://www.tierradelfuego.gob.ar/parte-diario-epidemiologico-covid-19-al-14-de-abril-de-2020/,,,,,,,,,,,,,,,,,,,,,,,,,,,,,,,,,,,,,,,,,,,,,,,,,,,,,,,,,,,,,,
https://www.tierradelfuego.gob.ar/parte-diario-epidemiologico-covid-parte-diario-epidemiologico-covid-19-al-13-de-abril-de-2020al-13-de-abril-de-2020/,,,,,,,,,,,,,,,,,,,,,,,,,,,,,,,,,,,,,,,,,,,,,,,,,,,,,,,,,,,,,,
https://www.tierradelfuego.gob.ar/parte-diario-epidemiologico-covid-19-al-12-de-abril-de-2020/,,,,,,,,,,,,,,,,,,,,,,,,,,,,,,,,,,,,,,,,,,,,,,,,,,,,,,,,,,,,,,
https://www.tierradelfuego.gob.ar/parte-diario-epidemiologico-covid-19-al-9-de-abril-de-2020-no-se-registraron-nuevos-casos-en-la-provincia-se-mantiene-un-total-de-81-casos-positivos-27-de-los-cuales-ya-tienen-el-alta-medico-suman-2/,,,,,,,,,,,,,,,,,,,,,,,,,,,,,,,,,,,,,,,,,,,,,,,,,,,,,,,,,,,,,,
https://www.tierradelfuego.gob.ar/parte-diario-epidemiologico-covid-19-al-10-de-abril-de-2020-se-registraron-2-nuevos-casos-en-la-provincia-suman-32-pacientes-con-alta-medico-y-311-los-casos-descartados/,,,,,,,,,,,,,,,,,,,,,,,,,,,,,,,,,,,,,,,,,,,,,,,,,,,,,,,,,,,,,,
https://www.tierradelfuego.gob.ar/parte-diario-epidemiologico-covid-19-al-8-de-abril-de-2020-se-registraron-2-nuevos-casos-en-la-provincia-totalizan-25-pacientes-con-alta-medico-y-ya-son-267-los-casos-descartados/,,,,,,,,,,,,,,,,,,,,,,,,,,,,,,,,,,,,,,,,,,,,,,,,,,,,,,,,,,,,,,
https://www.tierradelfuego.gob.ar/parte-diario-epidemiologico-covid-19-al-7-de-abril-de-2020-se-registraron-2-nuevos-casos-en-la-provincia-totalizan-21-pacientes-con-alta-medico-y-ya-son-253-los-casos-descartados/,,,,,,,,,,,,,,,,,,,,,,,,,,,,,,,,,,,,,,,,,,,,,,,,,,,,,,,,,,,,,,
https://www.tierradelfuego.gob.ar/parte-diario-epidemiologico-covid-19-al-6-de-abril-de-2020-se-registraron-2-nuevos-casos-en-la-provincia-se-suma-otro-paciente-con-alta-medico-y-ya-son-235-casos-descartados/,,,,,,,,,,,,,,,,,,,,,,,,,,,,,,,,,,,,,,,,,,,,,,,,,,,,,,,,,,,,,,
https://www.tierradelfuego.gob.ar/parte-diario-epidemiologico-covid-19-al-5-de-abril-de-2020-se-registraron-3-nuevos-casos-en-la-provincia-ya-hay-11-pacientes-recuperados-y-221-casos-descartados/,,,,,,,,,,,,,,,,,,,,,,,,,,,,,,,,,,,,,,,,,,,,,,,,,,,,,,,,,,,,,,
https://www.tierradelfuego.gob.ar/parte-diario-epidemiologico-covid-19-al-5-de-abril-de-2020-se-registraron-3-nuevos-casos-en-la-provincia-ya-hay-11-pacientes-recuperados-y-221-casos-descartados/,,,,,,,,,,,,,,,,,,,,,,,,,,,,,,,,,,,,,,,,,,,,,,,,,,,,,,,,,,,,,,
https://www.tierradelfuego.gob.ar/parte-diario-epidemiologico-covid-19-2/,,,,,,,,,,,,,,,,,,,,,,,,,,,,,,,,,,,,,,,,,,,,,,,,,,,,,,,,,,,,,,
https://www.tierradelfuego.gob.ar/parte-diario-epidemiologico-covid-19/,,,,,,,,,,,,,,,,,,,,,,,,,,,,,,,,,,,,,,,,,,,,,,,,,,,,,,,,,,,,,,
https://www.tierradelfuego.gob.ar/parte-diario-epidemiologico-covid19/,,,,,,,,,,,,,,,,,,,,,,,,,,,,,,,,,,,,,,,,,,,,,,,,,,,,,,,,,,,,,,
https://www.lagaceta.com.ar/nota/838273/actualidad/evolucion-diaria-pandemia-covid19-tucuman-argentina.html,,,,,,,,,,,,,,,,,,,,,,,,,,,,,,,,,,,,,,,,,,,,,,,,,,,,,,,,,,,,,,
http://msptucuman.gov.ar/informacion-sanitaria/sala-de-situacion-2/,,,,,,,,,,,,,,,,,,,,,,,,,,,,,,,,,,,,,,,,,,,,,,,,,,,,,,,,,,,,,,
http://www.salud.mendoza.gov.ar/,,,,,,,,,,,,,,,,,,,,,,,,,,,,,,,,,,,,,,,,,,,,,,,,,,,,,,,,,,,,,,
http://www.prensa.mendoza.gov.ar/coronavirus-comunicado-del-ministerio-de-salud-desarrollo-social-y-deportes-de-mendoza-41/,,,,,,,,,,,,,,,,,,,,,,,,,,,,,,,,,,,,,,,,,,,,,,,,,,,,,,,,,,,,,,
http://www.prensa.mendoza.gov.ar/coronavirus-comunicado-del-ministerio-de-salud-desarrollo-social-y-deportes-de-mendoza-43/,,,,,,,,,,,,,,,,,,,,,,,,,,,,,,,,,,,,,,,,,,,,,,,,,,,,,,,,,,,,,,
https://www.tierradelfuego.gob.ar/category/coronavirus/,,,,,,,,,,,,,,,,,,,,,,,,,,,,,,,,,,,,,,,,,,,,,,,,,,,,,,,,,,,,,,